"","id1","id2"
"1",1,1
"2",2,2
"3",3,3
"4",4,4
"5",5,5
"6",6,6
"7",7,7
"8",8,8
"9",9,9
"10",10,10
"11",11,11
"12",12,12
"13",13,13
"14",14,14
"15",15,15
"16",16,16
"17",17,17
"18",18,18
"19",19,19
"20",20,20
"21",21,21
"22",22,22
"23",23,23
"24",24,24
"25",25,25
"26",26,26
"27",27,27
"28",28,28
"29",29,29
"30",30,30
"31",31,31
"32",32,32
"33",33,33
"34",34,34
"35",36,35
"36",37,36
"37",38,37
"38",39,38
"39",40,39
"40",41,40
"41",42,41
"42",43,42
"43",44,43
"44",45,44
"45",46,45
"46",47,46
"47",48,47
"48",49,48
"49",50,49
"50",51,50
"51",52,51
"52",53,52
"53",54,53
"54",55,54
"55",56,55
"56",57,56
"57",58,57
"58",59,58
"59",60,59
"60",61,60
"61",62,61
"62",63,62
"63",64,63
"64",65,64
"65",66,65
"66",67,66
"67",68,67
"68",69,68
"69",70,69
"70",71,70
"71",72,71
"72",73,72
"73",74,73
"74",75,74
"75",76,75
"76",77,76
"77",78,77
"78",80,78
"79",81,79
"80",82,80
"81",83,81
"82",84,82
"83",85,83
"84",86,84
"85",87,85
"86",88,86
"87",89,87
"88",90,88
"89",91,89
"90",92,90
"91",93,91
"92",94,92
"93",95,93
"94",96,94
"95",97,95
"96",98,96
"97",99,97
"98",100,98
"99",101,99
"100",102,100
"101",103,101
"102",104,102
"103",105,103
"104",106,104
"105",107,105
"106",108,106
"107",109,107
"108",110,108
"109",111,109
"110",112,110
"111",113,111
"112",114,112
"113",115,113
"114",116,114
"115",117,115
"116",118,116
"117",119,117
"118",120,118
"119",121,119
"120",122,120
"121",123,121
"122",124,122
"123",125,123
"124",126,124
"125",127,125
"126",128,126
"127",129,127
"128",130,128
"129",131,129
"130",132,130
"131",133,131
"132",134,132
"133",135,133
"134",136,134
"135",137,135
"136",138,136
"137",139,137
"138",140,138
"139",141,139
"140",142,140
"141",143,141
"142",144,142
"143",145,143
"144",146,144
"145",147,145
"146",148,146
"147",149,147
"148",150,148
"149",151,149
"150",152,150
"151",153,151
"152",154,152
"153",155,153
"154",156,154
"155",157,155
"156",158,156
"157",159,157
"158",160,158
"159",161,159
"160",162,160
"161",163,161
"162",164,162
"163",165,163
"164",166,164
"165",167,165
"166",168,166
"167",169,167
"168",170,168
"169",171,169
"170",172,170
"171",173,171
"172",174,172
"173",175,173
"174",176,174
"175",177,175
"176",178,176
"177",180,177
"178",181,178
"179",182,179
"180",184,180
"181",185,181
"182",186,182
"183",187,183
"184",188,184
"185",189,185
"186",190,186
"187",191,187
"188",192,188
"189",193,189
"190",194,190
"191",195,191
"192",196,192
"193",197,193
"194",199,194
"195",200,195
"196",201,196
"197",202,197
"198",203,198
"199",204,199
"200",205,200
"201",206,201
"202",207,202
"203",208,203
"204",209,204
"205",210,205
"206",211,206
"207",212,207
"208",213,208
"209",214,209
"210",215,210
"211",216,211
"212",217,212
"213",218,213
"214",219,214
"215",220,215
"216",221,216
"217",222,217
"218",223,218
"219",224,219
"220",225,220
"221",226,221
"222",227,222
"223",228,223
"224",229,224
"225",230,225
"226",231,226
"227",232,227
"228",233,228
"229",234,229
"230",235,230
"231",236,231
"232",237,232
"233",238,233
"234",239,234
"235",240,235
"236",242,236
"237",243,237
"238",244,238
"239",245,239
"240",246,240
"241",247,241
"242",248,242
"243",249,243
"244",250,244
"245",251,245
"246",252,246
"247",253,247
"248",254,248
"249",255,249
"250",256,250
"251",257,251
"252",258,252
"253",259,253
"254",260,254
"255",261,255
"256",262,256
"257",263,257
"258",264,258
"259",265,259
"260",266,260
"261",267,261
"262",268,262
"263",269,263
"264",270,264
"265",271,265
"266",272,266
"267",273,267
"268",274,268
"269",275,269
"270",276,270
"271",277,271
"272",278,272
"273",279,273
"274",280,274
"275",281,275
"276",282,276
"277",283,277
"278",284,278
"279",286,279
"280",287,280
"281",288,281
"282",289,282
"283",290,283
"284",291,284
"285",292,285
"286",293,286
"287",294,287
"288",295,288
"289",296,289
"290",297,290
"291",298,291
"292",299,292
"293",300,293
"294",301,294
"295",303,295
"296",304,296
"297",305,297
"298",306,298
"299",307,299
"300",308,300
"301",309,301
"302",310,302
"303",311,303
"304",312,304
"305",313,305
"306",314,306
"307",315,307
"308",316,308
"309",317,309
"310",318,310
"311",319,311
"312",320,312
"313",321,313
"314",322,314
"315",323,315
"316",324,316
"317",325,317
"318",326,318
"319",327,319
"320",328,320
"321",329,321
"322",330,322
"323",331,323
"324",332,324
"325",333,325
"326",334,326
"327",335,327
"328",336,328
"329",337,329
"330",338,330
"331",339,331
"332",340,332
"333",341,333
"334",343,334
"335",344,335
"336",345,336
"337",347,337
"338",348,338
"339",349,339
"340",350,340
"341",351,341
"342",352,342
"343",353,343
"344",354,344
"345",355,345
"346",356,346
"347",357,347
"348",358,348
"349",359,349
"350",360,350
"351",361,351
"352",362,352
"353",363,353
"354",364,354
"355",365,355
"356",366,356
"357",367,357
"358",368,358
"359",370,359
"360",371,360
"361",372,361
"362",373,362
"363",374,363
"364",375,364
"365",376,365
"366",377,366
"367",378,367
"368",379,368
"369",380,369
"370",381,370
"371",382,371
"372",383,372
"373",384,373
"374",386,374
"375",387,375
"376",388,376
"377",389,377
"378",390,378
"379",391,379
"380",392,380
"381",393,381
"382",394,382
"383",395,383
"384",396,384
"385",397,385
"386",398,386
"387",399,387
"388",400,388
"389",401,389
"390",402,390
"391",403,391
"392",404,392
"393",405,393
"394",406,394
"395",407,395
"396",408,396
"397",409,397
"398",410,398
"399",411,399
"400",412,400
"401",419,401
"402",420,402
"403",421,403
"404",423,404
"405",424,405
"406",425,406
"407",426,407
"408",427,408
"409",428,409
"410",430,410
"411",431,411
"412",432,412
"413",433,413
"414",435,414
"415",436,415
"416",437,416
"417",439,417
"418",440,418
"419",441,419
"420",442,420
"421",443,421
"422",444,422
"423",445,423
"424",446,424
"425",447,425
"426",448,426
"427",449,427
"428",450,428
"429",451,429
"430",452,430
"431",453,431
"432",454,432
"433",455,433
"434",456,434
"435",457,435
"436",458,436
"437",459,437
"438",460,438
"439",461,439
"440",462,440
"441",463,441
"442",464,442
"443",465,443
"444",466,444
"445",467,445
"446",468,446
"447",469,447
"448",470,448
"449",471,449
"450",472,450
"451",473,451
"452",474,452
"453",475,453
"454",476,454
"455",477,455
"456",478,456
"457",479,457
"458",480,458
"459",481,459
"460",482,460
"461",483,461
"462",484,462
"463",485,463
"464",486,464
"465",487,465
"466",488,466
"467",489,467
"468",490,468
"469",491,469
"470",492,470
"471",494,471
"472",495,472
"473",496,473
"474",497,474
"475",498,475
"476",499,476
"477",500,477
"478",501,478
"479",502,479
"480",503,480
"481",504,481
"482",505,482
"483",506,483
"484",507,484
"485",508,485
"486",509,486
"487",510,487
"488",511,488
"489",512,489
"490",513,490
"491",514,491
"492",515,492
"493",516,493
"494",517,494
"495",518,495
"496",519,496
"497",520,497
"498",521,498
"499",522,499
"500",523,500
"501",524,501
"502",525,502
"503",526,503
"504",527,504
"505",528,505
"506",529,506
"507",530,507
"508",531,508
"509",532,509
"510",533,510
"511",534,511
"512",535,512
"513",536,513
"514",537,514
"515",538,515
"516",539,516
"517",540,517
"518",541,518
"519",542,519
"520",543,520
"521",544,521
"522",545,522
"523",546,523
"524",547,524
"525",548,525
"526",549,526
"527",550,527
"528",551,528
"529",552,529
"530",553,530
"531",554,531
"532",555,532
"533",556,533
"534",557,534
"535",558,535
"536",559,536
"537",560,537
"538",561,538
"539",562,539
"540",563,540
"541",564,541
"542",565,542
"543",566,543
"544",568,544
"545",569,545
"546",570,546
"547",571,547
"548",572,548
"549",573,549
"550",574,550
"551",576,551
"552",577,552
"553",578,553
"554",579,554
"555",580,555
"556",581,556
"557",583,557
"558",584,558
"559",586,559
"560",587,560
"561",588,561
"562",589,562
"563",590,563
"564",591,564
"565",592,565
"566",593,566
"567",594,567
"568",595,568
"569",596,569
"570",597,570
"571",598,571
"572",599,572
"573",600,573
"574",601,574
"575",602,575
"576",603,576
"577",604,577
"578",605,578
"579",606,579
"580",607,580
"581",608,581
"582",609,582
"583",610,583
"584",611,584
"585",612,585
"586",613,586
"587",614,587
"588",615,588
"589",616,589
"590",617,590
"591",618,591
"592",619,592
"593",620,593
"594",621,594
"595",622,595
"596",623,596
"597",624,597
"598",625,598
"599",626,599
"600",627,600
"601",628,601
"602",629,602
"603",630,603
"604",631,604
"605",632,605
"606",633,606
"607",634,607
"608",635,608
"609",636,609
"610",637,610
"611",638,611
"612",639,612
"613",640,613
"614",641,614
"615",642,615
"616",643,616
"617",644,617
"618",645,618
"619",646,619
"620",647,620
"621",648,621
"622",649,622
"623",650,623
"624",651,624
"625",652,625
"626",653,626
"627",654,627
"628",655,628
"629",656,629
"630",657,630
"631",658,631
"632",659,632
"633",660,633
"634",661,634
"635",662,635
"636",663,636
"637",664,637
"638",665,638
"639",666,639
"640",667,640
"641",668,641
"642",669,642
"643",670,643
"644",671,644
"645",672,645
"646",673,646
"647",674,647
"648",675,648
"649",676,649
"650",677,650
"651",678,651
"652",679,652
"653",680,653
"654",681,654
"655",682,655
"656",683,656
"657",684,657
"658",685,658
"659",686,659
"660",687,660
"661",688,661
"662",689,662
"663",690,663
"664",691,664
"665",692,665
"666",693,666
"667",694,667
"668",695,668
"669",696,669
"670",697,670
"671",698,671
"672",699,672
"673",700,673
"674",701,674
"675",702,675
"676",703,676
"677",704,677
"678",705,678
"679",706,679
"680",707,680
"681",708,681
"682",709,682
"683",710,683
"684",711,684
"685",712,685
"686",713,686
"687",714,687
"688",715,688
"689",716,689
"690",717,690
"691",718,691
"692",719,692
"693",720,693
"694",721,694
"695",722,695
"696",723,696
"697",724,697
"698",725,698
"699",726,699
"700",727,700
"701",728,701
"702",729,702
"703",730,703
"704",731,704
"705",732,705
"706",733,706
"707",734,707
"708",735,708
"709",736,709
"710",737,710
"711",738,711
"712",739,712
"713",740,713
"714",741,714
"715",742,715
"716",743,716
"717",744,717
"718",745,718
"719",746,719
"720",747,720
"721",748,721
"722",749,722
"723",750,723
"724",751,724
"725",752,725
"726",753,726
"727",754,727
"728",755,728
"729",756,729
"730",757,730
"731",758,731
"732",759,732
"733",760,733
"734",761,734
"735",762,735
"736",763,736
"737",764,737
"738",765,738
"739",766,739
"740",767,740
"741",768,741
"742",769,742
"743",770,743
"744",771,744
"745",772,745
"746",773,746
"747",774,747
"748",775,748
"749",776,749
"750",777,750
